step,users,pct_from_prev,pct_from_first
page_view,301,1.0,1.0
signup,96,0.31893687707641194,0.31893687707641194
purchase,31,0.3229166666666667,0.10299003322259136
